module	manuscript_outputs	public_primary_code	deposited_input_level	test_result	reproduction_scope	remaining_issue
01_Snapshot_analysis	Fig. 1c; Fig. 3e; Fig. 4a; Figs. S3-S4, S9-S10	analyses/01_Snapshot_analysis/notebooks/01_Snapshot_analysis.ipynb	processed CSV and PKL	PASS	Publication notebook rerun from corrected public PKL/CSV; 95/95 Illustrator-linked PDFs are pixel-exact or near-identical	Raw image-to-PKL preprocessing was not repeated
02_Cross_correlation	Fig. 4c-d; Fig. S11a-b	analyses/02_Cross_correlation/notebooks/2_Timelapse_analysis.ipynb	11 trace CSV datasets	PASS	Full manuscript downstream analysis from deposited trace CSVs	Raw TIFF-to-trace preprocessing was not repeated
03_HDAC_inhibitor	Processed precursor data underlying Fig. 5	analyses/03_HDAC_inhibitor/notebooks/inhibitor_response_analysis.ipynb	historical processed inputs	PROVENANCE	Retained because its image/state tables feed the final integrated Fig. 5 analysis	Final manuscript plotting is reproduced by module 12
04_seqFISH	Fig. 2b; Fig. S6a	analyses/04_seqFISH/notebook/seqFISH_reanalysis.ipynb	published per-allele CSV inputs	PASS	Full manuscript reanalysis from deposited tables	None for downstream reanalysis
05_sci_mtChIL_seq	Fig. 2f; Fig. S6b	analyses/05_sci_mtChIL_seq/notebook/sci_mtChIL_seq_reanalysis.ipynb	published processed tables	PASS	Full manuscript reanalysis from deposited tables	None for downstream reanalysis
06_SOX2_temporal_resolution	Fig. S11c-e	analyses/06_SOX2_temporal_resolution/notebooks/2_Timelapse_replot_from_deposited_tables.ipynb	per-cell and summary final tables	PASS_REPLOT	Exact publication plot replot from deposited tables	Trace CSVs needed for complete recalculation are absent
07_MSD	Fig. S1d-g	analyses/07_MSD/notebooks/MSD_publication_replot_from_deposited_tables.ipynb	per-trajectory and replicate summary tables	PASS_REPLOT	Exact publication plot replot from deposited tables	Raw ND2 tracking stage was not repeated
08_SoRa	Fig. S4f	analyses/08_SoRa/scripts/replot_quantitative_panels_from_tables.py	radial profiles and central-enrichment tables	PASS_NUMERIC_REPLOT	Quantitative profiles and violin panels replot	Representative mean-image NPZ arrays and raw images are absent
09_bead_resolution	Fig. S4d-e	analyses/09_bead_resolution/scripts/replot_panel_e_from_tables.py	per-bead fit, pairing, and QC tables	PASS_PANEL_E_REPLOT	Panel e and bead-level summaries replot	Raw ND2 needed for refitting and panel d is absent
10_HDAC_time_windows	Fig. S12c-d	analyses/10_HDAC_time_windows/scripts/replot_time_windows_from_tables.py	per-cell window statistics	PASS_REPLOT	Exact time-window panels replot	Upstream tracking data are not included in this test
11_HDAC_threshold_sensitivity	Fig. S12a-b	analyses/11_HDAC_threshold_sensitivity/scripts/replot_threshold_sensitivity_from_tables.py	threshold-sweep effect tables	PASS_REPLOT	Exact threshold-sensitivity summary replot	Upstream image/tracking data are not included in this test
12_Fig5_integrated	Fig. 5b-f	analyses/12_Fig5_integrated/notebooks/figure5_integrated.ipynb	exact Nanog/Sox2 aggregate per-frame and run inputs	PASS	Full final Fig. 5 downstream analysis from exact aggregate inputs	Raw image-to-state calling stage was not repeated
13_MARCS	Fig. S7a-d	analyses/13_MARCS/notebooks/MARCS_HDAC_reanalysis_notebook.ipynb	original MARCS source workbooks	PASS	Full notebook recomputation from deposited source workbooks	None for this reanalysis
14_acute_inhibitor	Fig. S13a-f	analyses/14_acute_inhibitor/scripts/replot_supplementary_fig13_from_tables.py	publication-selected per-cell local/nuclear tables	PASS_REPLOT	Six final panels replot with experiment counts 2/3/2/2/3/3; unpublished Sox2 THZ1 data are excluded	Upstream image QC and correction-pipeline inputs are not deposited
15_chipseq_enrichment	Fig. S5e	analyses/15_chipseq_enrichment/scripts/replot_fig_s5e_from_tables.py	gene-window and genome-bin final tables	PASS_REPLOT	Exact final plot replot from deposited tables	Full recalculation requires 18 public bigWig files and pyBigWig
16_ChromHMM_Fig3c	Fig. 3c	analyses/16_ChromHMM_Fig3c/scripts/replot_fig3c.py	state BEDs, emission matrix, factor-state mean-signal matrix, plotted z-scores, and public accession map	PASS_REPLOT	Exact matrix-to-figure replot; regenerated PDF is pixel-identical to the student-supplied final PDF at 150 dpi	Full factor-matrix recalculation requires 20 public bigWig files and pyBigWig
